zone;countryIt;countryEn
ZONE_1;ALAND ISLANDS;ISOLE ALAND
ZONE_1;ALBANIA;ALBANIA
ZONE_1;ALBANIE;ALBANIA
ZONE_1;ALEMANIA;GERMANIA
ZONE_1;ALGERIA;ALGERIA
ZONE_1;ALGERIE;ALGERIA
ZONE_1;ALGÉRIE;ALGERIA
ZONE_1;ALLEMAGNE;GERMANIA
ZONE_1;ANDORRA;ANDORRA
ZONE_1;ANDORRE;ANDORRA
ZONE_1;ANGLETERRE;GRAN BRETAGNA
ZONE_1;AUSTRIA;AUSTRIA
ZONE_1;AUSTRICHE;AUSTRIA
ZONE_1;AUTRICHE;AUSTRIA
ZONE_1;BÉLARUS;BIELORUSSIA
ZONE_1;BELGICA;BELGIO
ZONE_1;BELGIE;BELGIO
ZONE_1;BELGIO;BELGIO
ZONE_1;BELGIQUE;BELGIO
ZONE_1;BELGIUM;BELGIO
ZONE_1;BIELORUSSIA;BIELORUSSIA
ZONE_1;BOSNIA AND HERZEGOVINA;BOSNIA ERZEGOVINA
ZONE_1;BOSNIA ED ERZEGOVINA;BOSNIA ERZEGOVINA
ZONE_1;BOSNIA ERZEGOVINA;BOSNIA ERZEGOVINA
ZONE_1;BOSNIA HERCEGOVINA;BOSNIA ERZEGOVINA
ZONE_1;BOSNIA HERZEGOVINA;BOSNIA ERZEGOVINA
ZONE_1;BOSNIA;BOSNIA ERZEGOVINA
ZONE_1;BOSNIE HERZÉGOVINE;BOSNIA ERZEGOVINA
ZONE_1;BOSNIE-HERZÉGOVINE;BOSNIA ERZEGOVINA
ZONE_1;BULGARIA;BULGARIA
ZONE_1;BULGARIE (REP);BULGARIA
ZONE_1;BULGARIE (RÉP);BULGARIA
ZONE_1;BULGARIE REP;BULGARIA
ZONE_1;BULGARIE RÉP;BULGARIA
ZONE_1;BULGARIE;BULGARIA
ZONE_1;BYELORUSSIAN SOVIET SOCIALIST REPUBLIC;BIELORUSSIA
ZONE_1;CEUTA;SPAGNA
ZONE_1;CHIPRE;CIPRO
ZONE_1;CHYPRE;CIPRO
ZONE_1;CIPRO;CIPRO
ZONE_1;CITE DU VATICAN;CITTA' DEL VATICANO
ZONE_1;CITTA DEL VATICANO;CITTA' DEL VATICANO
ZONE_1;CITTÀ DEL VATICANO;CITTA' DEL VATICANO
ZONE_1;CITTA' DEL VATICANO;CITTA' DEL VATICANO
ZONE_1;CROATIA;CROAZIA
ZONE_1;CROATIE;CROAZIA
ZONE_1;CROAZIA;CROAZIA
ZONE_1;CYPRUS;CIPRO
ZONE_1;CZECH REPUBLIC;REPUBBLICA CECA
ZONE_1;DANEMARK;DANIMARCA
ZONE_1;DANIMARCA;DANIMARCA
ZONE_1;DANMARK;DANIMARCA
ZONE_1;DENMARK;DANIMARCA
ZONE_1;DEUTSCHLAND;GERMANIA
ZONE_1;DINAMARCA;DANIMARCA
ZONE_1;EGIPTO;EGITTO
ZONE_1;EGITTO;EGITTO
ZONE_1;EGYPT;EGITTO
ZONE_1;EGYPTE;EGITTO
ZONE_1;EIRE;IRLANDA
ZONE_1;ELLAS;GRECIA
ZONE_1;ENGLAND;GRAN BRETAGNA
ZONE_1;ESPAGNE;SPAGNA
ZONE_1;ESPANA;SPAGNA
ZONE_1;ESTONIA;ESTONIA
ZONE_1;ESTONIE;ESTONIA
ZONE_1;FAR OER;ISOLE FAROE
ZONE_1;FAROE ISLANDS;ISOLE FAROE
ZONE_1;FAROE;ISOLE FAROE
ZONE_1;FEDERATION DE RUSSIE;FEDERAZIONE RUSSA
ZONE_1;FEDERAZIONE RUSSA;FEDERAZIONE RUSSA
ZONE_1;FEROE;ISOLE FAROE
ZONE_1;FÉROÉ;ISOLE FAROE
ZONE_1;FINLAND;FINLANDIA
ZONE_1;FINLANDE;FINLANDIA
ZONE_1;FINLANDIA;FINLANDIA
ZONE_1;FRANCE;FRANCIA
ZONE_1;FRANCIA;FRANCIA
ZONE_1;GERMANIA;GERMANIA
ZONE_1;GERMANY;GERMANIA
ZONE_1;GIBILTERRA;GIBILTERRA
ZONE_1;GIBRALTAR;GIBILTERRA
ZONE_1;GIORDANIA;GIORDANIA
ZONE_1;GOZO;MALTA
ZONE_1;GRAN BRETAGNA;GRAN BRETAGNA
ZONE_1;GRAN BRETANA;GRAN BRETAGNA
ZONE_1;GRANDE BRETAGNE;GRAN BRETAGNA
ZONE_1;GRANDE-BRETAGNE;GRAN BRETAGNA
ZONE_1;GREAT BRITAIN;GRAN BRETAGNA
ZONE_1;GRECE;GRECIA
ZONE_1;GRÈCE;GRECIA
ZONE_1;GRECIA;GRECIA
ZONE_1;GREECE;GRECIA
ZONE_1;GUERNESEY;GUERNESEY
ZONE_1;GUERNSEY;GUERNESEY
ZONE_1;HISPANIA;SPAGNA
ZONE_1;HOLLAND;OLANDA
ZONE_1;HOLY SEE (VATICAN CITY STATE);CITTA' DEL VATICANO
ZONE_1;HOLY SEE VATICAN CITY STATE;CITTA' DEL VATICANO
ZONE_1;HONGRIE;UNGHERIA
ZONE_1;HUNGARY;UNGHERIA
ZONE_1;IBERIA;SPAGNA
ZONE_1;ICELAND;ISLANDA
ZONE_1;ILES FEROE;ISOLE FAROE
ZONE_1;INGHILTERRA;GRAN BRETAGNA
ZONE_1;INGLATERRA;GRAN BRETAGNA
ZONE_1;IRELAND;IRLANDA
ZONE_1;IRISH REPUBLIC;IRLANDA
ZONE_1;IRLANDA;IRLANDA
ZONE_1;IRLANDE;IRLANDA
ZONE_1;ISLANDA;ISLANDA
ZONE_1;ISLANDE;ISLANDA
ZONE_1;ISLANDIA;ISLANDA
ZONE_1;ISLAS FEROE;ISOLE FAROE
ZONE_1;ISLE OF MAN;ISOLA DI MAN
ZONE_1;ISOLA DI MAN;ISOLA DI MAN
ZONE_1;ISOLE FÆR ØER;ISOLE FAROE
ZONE_1;ISOLE FAROE;ISOLE FAROE
ZONE_1;ISRAEL;ISRAELE
ZONE_1;ISRAËL;ISRAELE
ZONE_1;ISRAELE;ISRAELE
ZONE_1;JAMAHIRIYA LIBICA;JAMAHIRIYA LIBICA
ZONE_1;JAMAHIRIYA LIBYENNE;JAMAHIRIYA LIBICA
ZONE_1;JAMAHIRYA LIBICA (LIBIA);JAMAHIRIYA LIBICA
ZONE_1;JAMAHIRYA LIBICA LIBIA;JAMAHIRIYA LIBICA
ZONE_1;JERSEY;JERSEY
ZONE_1;JORDAN;GIORDANIA
ZONE_1;JORDANIA;GIORDANIA
ZONE_1;JORDANIE;GIORDANIA
ZONE_1;JUTLAND;DANIMARCA
ZONE_1;KYPROS;CIPRO
ZONE_1;LATVIA;LETTONIA
ZONE_1;LEBANON;LIBANO
ZONE_1;LETTONIA;LETTONIA
ZONE_1;LETTONIE;LETTONIA
ZONE_1;LIBAN;LIBANO
ZONE_1;LIBANO;LIBANO
ZONE_1;LIBIA;JAMAHIRIYA LIBICA
ZONE_1;LIBYA;JAMAHIRIYA LIBICA
ZONE_1;LIBYAN ARAB JAMAHIRIYA;JAMAHIRIYA LIBICA
ZONE_1;LIBYE;JAMAHIRIYA LIBICA
ZONE_1;LICHTENSTEIN;LIECHTENSTEIN
ZONE_1;LIECHTENSTEIN;LIECHTENSTEIN
ZONE_1;LITHUANIA;LITUANIA
ZONE_1;LITUANIA;LITUANIA
ZONE_1;LITUANIE;LITUANIA
ZONE_1;LUSSEMBURGO;LUSSEMBURGO
ZONE_1;LUXEMBOURG;LUSSEMBURGO
ZONE_1;LUXEMBURGO;LUSSEMBURGO
ZONE_1;LYBIA;JAMAHIRIYA LIBICA
ZONE_1;MACÉDOINE (EX RÉP YOUGOSLAVE );MACEDONIA
ZONE_1;MACEDOINE EX REP YOUGOSLAVE;MACEDONIA
ZONE_1;MACÉDOINE EX RÉP YOUGOSLAVE;MACEDONIA
ZONE_1;MACEDOINE(EX REP YOUGOSLAVE);MACEDONIA
ZONE_1;MACEDONIA THE FORMER YUGOSLAV REPUBLIC OF;MACEDONIA
ZONE_1;MACEDONIA, THE FORMER YUGOSLAV REPUBLIC OF;MACEDONIA
ZONE_1;MACEDONIA;MACEDONIA
ZONE_1;MADERA;PORTOGALLO
ZONE_1;MALTA;MALTA
ZONE_1;MALTE;MALTA
ZONE_1;MAN;ISOLA DI MAN
ZONE_1;MAROC;MAROCCO
ZONE_1;MAROCCO;MAROCCO
ZONE_1;MARRUECOS;MAROCCO
ZONE_1;MELILLA;SPAGNA
ZONE_1;MOLDAVIA;MOLDAVIA
ZONE_1;MOLDOVA (REP. DE);MOLDAVIA
ZONE_1;MOLDOVA REP DE;MOLDAVIA
ZONE_1;MOLDOVA REPUBLIC OF;MOLDAVIA
ZONE_1;MOLDOVA, REPUBLIC OF;MOLDAVIA
ZONE_1;MOLDOVA;MOLDAVIA
ZONE_1;MONACO (PRINCIPATO);PRINCIPATO DI MONACO
ZONE_1;MONACO PRINCIPATO;PRINCIPATO DI MONACO
ZONE_1;MONACO;PRINCIPATO DI MONACO
ZONE_1;MONTECARLO;PRINCIPATO DI MONACO
ZONE_1;MONTENEGRO;MONTENEGRO
ZONE_1;MONTÉNÉGRO;MONTENEGRO
ZONE_1;MOROCCO;MAROCCO
ZONE_1;NETHERLAND;OLANDA
ZONE_1;NETHERLANDS;OLANDA
ZONE_1;NORGE;NORVEGIA
ZONE_1;NORUEGA;NORVEGIA
ZONE_1;NORVEGE;NORVEGIA
ZONE_1;NORVÈGE;NORVEGIA
ZONE_1;NORVEGIA;NORVEGIA
ZONE_1;NORWAY;NORVEGIA
ZONE_1;OLANDA;OLANDA
ZONE_1;OMAN;OMAN
ZONE_1;OSTERREICH;AUSTRIA
ZONE_1;PAESI BASSI;OLANDA
ZONE_1;PAISES BAJOS;OLANDA
ZONE_1;PAYS BAS;OLANDA
ZONE_1;PAYS-BAS;OLANDA
ZONE_1;POLAND;POLONIA
ZONE_1;POLOGNE;POLONIA
ZONE_1;POLONIA;POLONIA
ZONE_1;PORTOGALLO;PORTOGALLO
ZONE_1;PORTUGAL;PORTOGALLO
ZONE_1;PRINCIPALITY OF MONACO;PRINCIPATO DI MONACO
ZONE_1;PRINCIPATO DI ANDORRA;ANDORRA
ZONE_1;PRINCIPATO DI MONACO;PRINCIPATO DI MONACO
ZONE_1;REGNO UNITO;GRAN BRETAGNA
ZONE_1;REP CECA;REPUBBLICA CECA
ZONE_1;REPUBBLICA CECA;REPUBBLICA CECA
ZONE_1;REPUBBLICA DI MACEDONIA;MACEDONIA
ZONE_1;REPUBBLICA DI MONTENEGRO;MONTENEGRO
ZONE_1;REPUBBLICA DI SAN MARINO;SAN MARINO
ZONE_1;REPUBBLICA DI SERBIA;SERBIA
ZONE_1;REPUBBLICA SLOVACCA;SLOVACCHIA
ZONE_1;REPUBLIC OF MONTENEGRO;MONTENEGRO
ZONE_1;REPUBLIC OF SERBIA;SERBIA
ZONE_1;REPUBLIKA CRNA GORA;MONTENEGRO
ZONE_1;REPUBLIKA SRBIJA;SERBIA
ZONE_1;REPUBLIQUE FRANCAISE;FRANCIA
ZONE_1;ROMANIA;ROMANIA
ZONE_1;ROUMANIA;ROMANIA
ZONE_1;ROUMANIE;ROMANIA
ZONE_1;RUMANIA;ROMANIA
ZONE_1;RUSSIA;FEDERAZIONE RUSSA
ZONE_1;RUSSIAN FEDERATION;FEDERAZIONE RUSSA
ZONE_1;RUSSIE (FEDERATION DE);FEDERAZIONE RUSSA
ZONE_1;RUSSIE (FÉDÉRATION DE);FEDERAZIONE RUSSA
ZONE_1;RUSSIE FEDERATION DE;FEDERAZIONE RUSSA
ZONE_1;RUSSIE FÉDÉRATION DE;FEDERAZIONE RUSSA
ZONE_1;SAINT MARIN;SAN MARINO
ZONE_1;SAN MARINO;SAN MARINO
ZONE_1;SCHWEIZ;SVIZZERA
ZONE_1;SERBIA;SERBIA
ZONE_1;SERBIE;SERBIA
ZONE_1;SLOVACCHIA;SLOVACCHIA
ZONE_1;SLOVAK REPUBLIC;SLOVACCHIA
ZONE_1;SLOVAKIA;SLOVACCHIA
ZONE_1;SLOVAQUIE;SLOVACCHIA
ZONE_1;SLOVENIA;SLOVENIA
ZONE_1;SLOVENIE;SLOVENIA
ZONE_1;SLOVÉNIE;SLOVENIA
ZONE_1;SPAGNA;SPAGNA
ZONE_1;SPAIN;SPAGNA
ZONE_1;SPANIA;SPAGNA
ZONE_1;SUECIA;SVEZIA
ZONE_1;SUEDE;SVEZIA
ZONE_1;SUÈDE;SVEZIA
ZONE_1;SUISSE;SVIZZERA
ZONE_1;SUIZA;SVIZZERA
ZONE_1;SVERIGE;SVEZIA
ZONE_1;SVEZIA;SVEZIA
ZONE_1;SVIZZERA;SVIZZERA
ZONE_1;SWEDEN;SVEZIA
ZONE_1;SWITZERLAND;SVIZZERA
ZONE_1;TCHÈQUE  ( REP.);REPUBBLICA CECA
ZONE_1;TUNEZ;TUNISIA
ZONE_1;TUNISIA;TUNISIA
ZONE_1;TUNISIE;TUNISIA
ZONE_1;TURCHIA;TURCHIA
ZONE_1;TURKEY;TURCHIA
ZONE_1;TURQUIA;TURCHIA
ZONE_1;TURQUIE;TURCHIA
ZONE_1;U K;GRAN BRETAGNA
ZONE_1;U.K.;GRAN BRETAGNA
ZONE_1;UCRAINA;UCRAINA
ZONE_1;UKRAINE;UCRAINA
ZONE_1;UKRAINIAN;UCRAINA
ZONE_1;UNGHERIA;UNGHERIA
ZONE_1;UNITED KINGDOM;GRAN BRETAGNA
ZONE_1;VATICAN CITY STATE;CITTA' DEL VATICANO
ZONE_1;VATICAN CITY;CITTA' DEL VATICANO
ZONE_1;VATICAN;CITTA' DEL VATICANO
ZONE_1;VATICANO;CITTA' DEL VATICANO
ZONE_2;AFGHANISTAN;AFGHANISTAN
ZONE_2;AFRICA DEL SUD;SUDAFRICA
ZONE_2;AFRIQUE DU SUD;SUDAFRICA
ZONE_2;AMERICA;STATI UNITI D'AMERICA
ZONE_2;ANGOLA;ANGOLA
ZONE_2;ANGUILLA;ANGUILLA
ZONE_2;ANTIGUA AND BARBUDA;ANTIGUA E BARBUDA
ZONE_2;ANTIGUA E BARBUDA;ANTIGUA E BARBUDA
ZONE_2;ANTIGUA ET BARBUDA;ANTIGUA E BARBUDA
ZONE_2;ANTIGUA Y BARBUDA;ANTIGUA E BARBUDA
ZONE_2;ANTIGUA-ET-BARBUDA;ANTIGUA E BARBUDA
ZONE_2;ANTIGUA;ANTIGUA E BARBUDA
ZONE_2;ANTILLAS NEERLANDESAS;ANTILLE OLANDESI
ZONE_2;ANTILLE OLANDESI;ANTILLE OLANDESI
ZONE_2;ANTILLES NEERLANDAISES;ANTILLE OLANDESI
ZONE_2;ARABIA SAUDITA;ARABIA SAUDITA
ZONE_2;ARABIA;ARABIA SAUDITA
ZONE_2;ARABIE SAOUDITE;ARABIA SAUDITA
ZONE_2;ARGENTINA;ARGENTINA
ZONE_2;ARGENTINE;ARGENTINA
ZONE_2;ARMENIA;ARMENIA
ZONE_2;ARMENIE;ARMENIA
ZONE_2;ARMÉNIE;ARMENIA
ZONE_2;ARUBA;ANTILLE OLANDESI
ZONE_2;ASCENSION;ASCENSION
ZONE_2;AZEIRBAIJAN;AZERBAIJAN
ZONE_2;AZERBAIGIAN;AZERBAIJAN
ZONE_2;AZERBAIJAN;AZERBAIJAN
ZONE_2;AZERBAJDZAN;AZERBAIJAN
ZONE_2;BAHAMA;BAHAMA
ZONE_2;BAHAMAS ISLAND;BAHAMA
ZONE_2;BAHAMAS;BAHAMA
ZONE_2;BAHRAIN;BAHRAIN
ZONE_2;BAHREIN;BAHRAIN
ZONE_2;BAHREÏN;BAHRAIN
ZONE_2;BAIA GUANTANAMO;GUANTANAMO BAY
ZONE_2;BANGLADESH;BANGLADESH
ZONE_2;BARBADE;BARBADOS
ZONE_2;BARBADOS;BARBADOS
ZONE_2;BARBUDA;ANTIGUA E BARBUDA
ZONE_2;BELICE;BELIZE
ZONE_2;BELIZE;BELIZE
ZONE_2;BENIN;BENIN
ZONE_2;BÉNIN;BENIN
ZONE_2;BERMUDA;BERMUDA
ZONE_2;BERMUDAS;BERMUDA
ZONE_2;BERMUDE;BERMUDA
ZONE_2;BERMUDES;BERMUDA
ZONE_2;BHOUTAN;BHUTAN
ZONE_2;BHUTAN;BHUTAN
ZONE_2;BIRMANIA;MYANMAR
ZONE_2;BOLIVIA;BOLIVIA
ZONE_2;BOLIVIE;BOLIVIA
ZONE_2;BONAIRE;ANTILLE OLANDESI
ZONE_2;BOTSWANA;BOTSWANA
ZONE_2;BRASIL;BRASILE
ZONE_2;BRASILE;BRASILE
ZONE_2;BRAZIL;BRASILE
ZONE_2;BRESIL;BRASILE
ZONE_2;BRÉSIL;BRASILE
ZONE_2;BRITISH INDIAN OCEAN TERRITORY;TERRIT. BRIT. DELL'OCEANO INDIANO
ZONE_2;BRITISH VIRGIN ISLANDS;ISOLE VERGINI BRITANNICHE
ZONE_2;BRUNEI DARUSSALAM;BRUNEI DARUSSALAM
ZONE_2;BRUNEI;BRUNEI DARUSSALAM
ZONE_2;BRUNI;BRUNEI DARUSSALAM
ZONE_2;BURKINA FASO;BURKINA FASO
ZONE_2;BURKINA;BURKINA FASO
ZONE_2;BURMA;MYANMAR
ZONE_2;BURUNDI;BURUNDI
ZONE_2;CABO VERDE;CAPO VERDE
ZONE_2;CAICOS;ISOLE TURKS E CAICOS
ZONE_2;CAIMANES;ISOLE CAYMAN
ZONE_2;CAIMANS ISLANDS;ISOLE CAYMAN
ZONE_2;CAIMANS;ISOLE CAYMAN
ZONE_2;CAÏMANS;ISOLE CAYMAN
ZONE_2;CAMBODGE;CAMBOGIA
ZONE_2;CAMBODIA;CAMBOGIA
ZONE_2;CAMBOGIA;CAMBOGIA
ZONE_2;CAMEROON;CAMERUN
ZONE_2;CAMEROUN;CAMERUN
ZONE_2;CAMERUN;CAMERUN
ZONE_2;CANADA;CANADA
ZONE_2;CAP VERT;CAPO VERDE
ZONE_2;CAP-VERT;CAPO VERDE
ZONE_2;CAPE VERDE;CAPO VERDE
ZONE_2;CAPO VERDE;CAPO VERDE
ZONE_2;CAYMAN ISLANDS;ISOLE CAYMAN
ZONE_2;CAYMAN;ISOLE CAYMAN
ZONE_2;CENTRAFIQUE REP;REPUBBLICA CENTROAFRICANA
ZONE_2;CENTRAFIQUE(REP);REPUBBLICA CENTROAFRICANA
ZONE_2;CENTRAL AFRICAN REPUBLIC;REPUBBLICA CENTROAFRICANA
ZONE_2;CENTROAFRICANA;REPUBBLICA CENTROAFRICANA
ZONE_2;CHAD;CIAD
ZONE_2;CHAGOS;TERRIT. BRIT. DELL'OCEANO INDIANO
ZONE_2;CHILE;CILE
ZONE_2;CHILI;CILE
ZONE_2;CHINA PEOPLE'S REPUBLIC;REPUBBLICA POPOLARE CINESE
ZONE_2;CHINA;REPUBBLICA POPOLARE CINESE
ZONE_2;CHINE;REPUBBLICA POPOLARE CINESE
ZONE_2;CIAD;CIAD
ZONE_2;CILE;CILE
ZONE_2;CINA;REPUBBLICA POPOLARE CINESE
ZONE_2;COLOMBIA;COLOMBIA
ZONE_2;COLOMBIE;COLOMBIA
ZONE_2;COMORE;COMORE
ZONE_2;COMORES;COMORE
ZONE_2;COMOROS;COMORE
ZONE_2;CONGO (BRAZZAVILLE);REPUBBLICA DEL CONGO
ZONE_2;CONGO BRAZZAVILLE;REPUBBLICA DEL CONGO
ZONE_2;CONGO REP DEMOCRATICA EX ZAIRE;REPUBBLICA DEMOCRATICA DEL CONGO
ZONE_2;CONGO REP. DEMOCRATICA (EX ZAIRE);REPUBBLICA DEMOCRATICA DEL CONGO
ZONE_2;CONGO THE DEMOCRATIC REPUBLIC OF THE;REPUBBLICA DEMOCRATICA DEL CONGO
ZONE_2;CONGO, THE DEMOCRATIC REPUBLIC OF THE;REPUBBLICA DEMOCRATICA DEL CONGO
ZONE_2;CONGO;REPUBBLICA DEL CONGO
ZONE_2;COREA DEL NORD;REP. DEMOCRATICA POPOLARE DI COREA
ZONE_2;COREA DEL SUD;REPUBBLICA DI COREA
ZONE_2;COREA;REPUBBLICA DI COREA
ZONE_2;COREE POPULAIRE;REP. DEMOCRATICA POPOLARE DI COREA
ZONE_2;CORÉE POPULAIRE;REP. DEMOCRATICA POPOLARE DI COREA
ZONE_2;COREE;REPUBBLICA DI COREA
ZONE_2;CORÉE;REPUBBLICA DI COREA
ZONE_2;COSTA D' AVORIO;COSTA D'AVORIO
ZONE_2;COSTA D'AVORIO;COSTA D'AVORIO
ZONE_2;COSTA DAVORIO;COSTA D'AVORIO
ZONE_2;COSTA DE MARFIL;COSTA D'AVORIO
ZONE_2;COSTA RICA;COSTA RICA
ZONE_2;COSTARICA;COSTA RICA
ZONE_2;COTE D'IVOIRE;COSTA D'AVORIO
ZONE_2;CÔTE D'IVOIRE;COSTA D'AVORIO
ZONE_2;COTE DE IVOIRE;COSTA D'AVORIO
ZONE_2;CUBA;CUBA
ZONE_2;CURACAO;ANTILLE OLANDESI
ZONE_2;DEMOCRATIC PEOPLE'S REPUBLIC OF KOREA;REP. DEMOCRATICA POPOLARE DI COREA
ZONE_2;DEMOCRATIC REPUBLIC OF CONGO;REPUBBLICA DEMOCRATICA DEL CONGO
ZONE_2;DJIBOUTI;GIBUTI
ZONE_2;DOMINICA REPUBLIC;REPUBBLICA DOMINICANA
ZONE_2;DOMINICA;DOMINICA
ZONE_2;DOMINICAN REPUBLIC;REPUBBLICA DOMINICANA
ZONE_2;DOMINICANA;REPUBBLICA DOMINICANA
ZONE_2;DOMINIQUE;DOMINICA
ZONE_2;DUBAI;EMIRATI ARABI UNITI
ZONE_2;EAST TIMOR;TIMOR PORTOGHESE
ZONE_2;ECUADOR;EQUADOR
ZONE_2;EL SALVADOR;EL SALVADOR
ZONE_2;EMIRATI ARABI UNITI;EMIRATI ARABI UNITI
ZONE_2;EMIRATI ARABI;EMIRATI ARABI UNITI
ZONE_2;EMIRATOS ARABES UNIDOS;EMIRATI ARABI UNITI
ZONE_2;EMIRATS ARABES UNIS;EMIRATI ARABI UNITI
ZONE_2;EQUADOR;EQUADOR
ZONE_2;EQUATEUR;EQUADOR
ZONE_2;EQUATORIAL GUINEA;GUINEA EQUATORIALE
ZONE_2;ERITREA;ERITREA
ZONE_2;ERYTHREE;ERITREA
ZONE_2;ÉRYTHRÉE;ERITREA
ZONE_2;ESTADOS UNIDOS DE AMERICA;STATI UNITI D'AMERICA
ZONE_2;ETATS UNIS DAMERIQUE;STATI UNITI D'AMERICA
ZONE_2;ETATS UNIS;STATI UNITI D'AMERICA
ZONE_2;ÉTATS UNIS;STATI UNITI D'AMERICA
ZONE_2;ETATS-UNIS;STATI UNITI D'AMERICA
ZONE_2;ÉTATS-UNIS;STATI UNITI D'AMERICA
ZONE_2;ETHIOPIA;ETIOPIA
ZONE_2;ETHIOPIE;ETIOPIA
ZONE_2;ETIOPIA;ETIOPIA
ZONE_2;FALKLAND ILES;ISOLE FALKLAND
ZONE_2;FALKLAND ISLAND;ISOLE FALKLAND
ZONE_2;FALKLAND ISLANDS (MALVINAS);ISOLE FALKLAND
ZONE_2;FALKLAND ISLANDS MALVINAS;ISOLE FALKLAND
ZONE_2;FALKLAND ISLANDS;ISOLE FALKLAND
ZONE_2;FALKLAND ISLAS;ISOLE FALKLAND
ZONE_2;FALKLAND MALVINAS;ISOLE FALKLAND
ZONE_2;FALKLAND;ISOLE FALKLAND
ZONE_2;FALKLAND(MALVINAS);ISOLE FALKLAND
ZONE_2;FILIPINAS;FILIPPINE
ZONE_2;FILIPPINE;FILIPPINE
ZONE_2;FORMOSA;TAIWAN
ZONE_2;FRENCH GUIANA;GUYANA FRANCESE
ZONE_2;GABON;GABON
ZONE_2;GABONESE REPUBLIC;GABON
ZONE_2;GAMBIA;GAMBIA
ZONE_2;GAMBIE;GAMBIA
ZONE_2;GEORGIA DEL SUD E ISOLE SANDWICH;GEORGIA DEL SUD E SANDWICH DEL SUD
ZONE_2;GEORGIA DEL SUD E SANDWICH DEL SUD;GEORGIA DEL SUD E SANDWICH DEL SUD
ZONE_2;GEORGIA DEL SUD;GEORGIA DEL SUD E SANDWICH DEL SUD
ZONE_2;GEORGIA;GEORGIA
ZONE_2;GEORGIE DU SUD;GEORGIA DEL SUD E SANDWICH DEL SUD
ZONE_2;GÉORGIE DU SUD;GEORGIA DEL SUD E SANDWICH DEL SUD
ZONE_2;GEORGIE;GEORGIA
ZONE_2;GÉORGIE;GEORGIA
ZONE_2;GHANA;GHANA
ZONE_2;GIAMAICA;GIAMAICA
ZONE_2;GIAPPONE;GIAPPONE
ZONE_2;GIBUTI;GIBUTI
ZONE_2;GRANADA;GRENADA
ZONE_2;GREENLAND;GROENLANDIA
ZONE_2;GRENADA;GRENADA
ZONE_2;GRENADE;GRENADA
ZONE_2;GRENADINES;SAINT VINCENT E LE GRENADINE
ZONE_2;GROENLAND;GROENLANDIA
ZONE_2;GROENLANDIA;GROENLANDIA
ZONE_2;GUADALUPA;GUADALUPA
ZONE_2;GUADALUPE;GUADALUPA
ZONE_2;GUADELOUPE;GUADALUPA
ZONE_2;GUADELUPE;GUADALUPA
ZONE_2;GUANTANAMO BAY;GUANTANAMO BAY
ZONE_2;GUANTANAMO;GUANTANAMO BAY
ZONE_2;GUATEMALA;GUATEMALA
ZONE_2;GUAYANA FRANCESA;GUYANA FRANCESE
ZONE_2;GUAYANA;GUYANA
ZONE_2;GUIANA;GUYANA FRANCESE
ZONE_2;GUINEA BISSAU;GUINEA BISSAU
ZONE_2;GUINEA ECUATORIAL;GUINEA EQUATORIALE
ZONE_2;GUINEA EQUATORIALE;GUINEA EQUATORIALE
ZONE_2;GUINEA-BISSAU;GUINEA BISSAU
ZONE_2;GUINEA;GUINEA
ZONE_2;GUINEAEQUATORIALE;GUINEA EQUATORIALE
ZONE_2;GUINEE BISSAU;GUINEA BISSAU
ZONE_2;GUINÉE BISSAU;GUINEA BISSAU
ZONE_2;GUINEE EQUATORIALE;GUINEA EQUATORIALE
ZONE_2;GUINÉE ÉQUATORIALE;GUINEA EQUATORIALE
ZONE_2;GUINÉE-BISSAU;GUINEA BISSAU
ZONE_2;GUINEE;GUINEA
ZONE_2;GUINÉE;GUINEA
ZONE_2;GUYANA FRANCESE;GUYANA FRANCESE
ZONE_2;GUYANA;GUYANA
ZONE_2;GUYANAFRANCESE;GUYANA FRANCESE
ZONE_2;GUYANE FRANCAISE;GUYANA FRANCESE
ZONE_2;GUYANE;GUYANA
ZONE_2;HAITI;HAITI
ZONE_2;HONDURAS;HONDURAS
ZONE_2;HONG KONG;HONG KONG
ZONE_2;HONGKONG;HONG KONG
ZONE_2;ILES MALOVINES;ISOLE FALKLAND
ZONE_2;ILES VIERGES AMERICAINES;ISOLE VERGINI AMERICANE
ZONE_2;ILES VIERGES BRITANNIQUES;ISOLE VERGINI BRITANNICHE
ZONE_2;ILES VIERGES DES ETATS UNIS;ISOLE VERGINI AMERICANE
ZONE_2;ILES VIERGES DES ETATS-UNIS;ISOLE VERGINI AMERICANE
ZONE_2;INDE;INDIA
ZONE_2;INDIA;INDIA
ZONE_2;INDONESIA;INDONESIA
ZONE_2;INDONESIE;INDONESIA
ZONE_2;INDONÉSIE;INDONESIA
ZONE_2;IRAN ISLAMIC REPUBLIC OF;IRAN
ZONE_2;IRAN, ISLAMIC REPUBLIC OF;IRAN
ZONE_2;IRAN;IRAN
ZONE_2;IRAQ;IRAQ
ZONE_2;ISLAS MALVINA;ISOLE FALKLAND
ZONE_2;ISLAS MALVINAS;ISOLE FALKLAND
ZONE_2;ISLAS VIRGENES AMERICANAS;ISOLE VERGINI AMERICANE
ZONE_2;ISLAS VIRGENES BRITANICAS;ISOLE VERGINI BRITANNICHE
ZONE_2;ISOLA CAIMAN;ISOLE CAYMAN
ZONE_2;ISOLA DELLA MARTINICA;MARTINICA
ZONE_2;ISOLE BERMUDA;BERMUDA
ZONE_2;ISOLE CAYMAN;ISOLE CAYMAN
ZONE_2;ISOLE COMORE;COMORE
ZONE_2;ISOLE FALKLAND;ISOLE FALKLAND
ZONE_2;ISOLE MALVINE;ISOLE FALKLAND
ZONE_2;ISOLE TURKS E CAICOS;ISOLE TURKS E CAICOS
ZONE_2;ISOLE VERGINI AMERICANE;ISOLE VERGINI AMERICANE
ZONE_2;ISOLE VERGINI BRITANNICHE;ISOLE VERGINI BRITANNICHE
ZONE_2;IVORY COAST;COSTA D'AVORIO
ZONE_2;JAMAICA;GIAMAICA
ZONE_2;JAMAIQUE;GIAMAICA
ZONE_2;JAMAÏQUE;GIAMAICA
ZONE_2;JAPAN;GIAPPONE
ZONE_2;JAPON;GIAPPONE
ZONE_2;KAZAKHSTAN;KAZAKHSTAN
ZONE_2;KAZAKISTAN;KAZAKHSTAN
ZONE_2;KAZAKSTAN;KAZAKHSTAN
ZONE_2;KENIA;KENYA
ZONE_2;KENYA;KENYA
ZONE_2;KIRGHIZIA;KYRGYZSTAN
ZONE_2;KIRGHIZISTAN;KYRGYZSTAN
ZONE_2;KIRGHIZSTAN;KYRGYZSTAN
ZONE_2;KIRGYZSTAN;KYRGYZSTAN
ZONE_2;KITTS;SAINT CHRISTOPHER E NEVIS
ZONE_2;KOREA ( REP);REPUBBLICA DI COREA
ZONE_2;KOREA DEMOCRATIC PEOPLE'S REPUBLIC OF;REP. DEMOCRATICA POPOLARE DI COREA
ZONE_2;KOREA REP;REPUBBLICA DI COREA
ZONE_2;KOREA REPUBLIC OF;REP REPUBBLICA DI COREA
ZONE_2;KOREA, DEMOCRATIC PEOPLE'S REPUBLIC OF;REP. DEMOCRATICA POPOLARE DI COREA
ZONE_2;KOREA, REPUBLIC OF;REP REPUBBLICA DI COREA
ZONE_2;KOREA;REPUBBLICA DI COREA
ZONE_2;KOWEIT;KUWAIT
ZONE_2;KOWEÏT;KUWAIT
ZONE_2;KUWAIT;KUWAIT
ZONE_2;KYRGYZSTAN;KYRGYZSTAN
ZONE_2;LAO PEOPLE'S DEMOCRATIC REPUBLIC;LAOS
ZONE_2;LAO;LAOS
ZONE_2;LAOS;LAOS
ZONE_2;LESOTHO;LESOTHO
ZONE_2;LIBERIA;LIBERIA
ZONE_2;MACAO;MACAO
ZONE_2;MACAU;MACAO
ZONE_2;MADAGASCAR;MADAGASCAR
ZONE_2;MALAISIE;MALESIA
ZONE_2;MALASIA;MALESIA
ZONE_2;MALAWI;MALAWI
ZONE_2;MALAYSIA;MALESIA
ZONE_2;MALDIVAS;MALDIVE
ZONE_2;MALDIVE;MALDIVE
ZONE_2;MALDIVES;MALDIVE
ZONE_2;MALESIA;MALESIA
ZONE_2;MALI;MALI
ZONE_2;MALVINAS;ISOLE FALKLAND
ZONE_2;MALVINE;ISOLE FALKLAND
ZONE_2;MARTINICA;MARTINICA
ZONE_2;MARTINIQUE;MARTINICA
ZONE_2;MAURICE;MAURITIUS
ZONE_2;MAURICIO;MAURITIUS
ZONE_2;MAURITANIA;MAURITANIA
ZONE_2;MAURITANIE;MAURITANIA
ZONE_2;MAURITIUS;MAURITIUS
ZONE_2;MAURIZIO;MAURITIUS
ZONE_2;MAYOTTE;MAYOTTE
ZONE_2;MESSICO;MESSICO
ZONE_2;MEXICO;MESSICO
ZONE_2;MEXIQUE;MESSICO
ZONE_2;MIQUELON;SAINT PIERRE E MIQUELON
ZONE_2;MONGOLIA;MONGOLIA
ZONE_2;MONGOLIE;MONGOLIA
ZONE_2;MONSERRAT;MONTSERRAT
ZONE_2;MONTSERRAT;MONTSERRAT
ZONE_2;MOZAMBICO;MOZAMBICO
ZONE_2;MOZAMBIQUE;MOZAMBICO
ZONE_2;MYANMAR (BIRMANIE);MYANMAR
ZONE_2;MYANMAR BIRMANIA;MYANMAR
ZONE_2;MYANMAR BIRMANIE;MYANMAR
ZONE_2;MYANMAR BURMA;MYANMAR
ZONE_2;MYANMAR;MYANMAR
ZONE_2;MYANMAR(BURMA);MYANMAR
ZONE_2;NAMIBIA;NAMIBIA
ZONE_2;NAMIBIE;NAMIBIA
ZONE_2;NEPAL;NEPAL
ZONE_2;NÉPAL;NEPAL
ZONE_2;NETHERLANDS ANTILLES;ANTILLE OLANDESI
ZONE_2;NEVIS;SAINT CHRISTOPHER E NEVIS
ZONE_2;NICARAGUA;NICARAGUA
ZONE_2;NIGER;NIGER
ZONE_2;NIGERIA;NIGERIA
ZONE_2;ONDURAS;HONDURAS
ZONE_2;OUGANDA;UGANDA
ZONE_2;OUZBEKISTAN;UZBEKISTAN
ZONE_2;OUZBÉKISTAN;UZBEKISTAN
ZONE_2;PAKISTAN;PAKISTAN
ZONE_2;PANAMA;PANAMA
ZONE_2;PANAMÁ;PANAMA
ZONE_2;PARAGUAY;PARAGUAY
ZONE_2;PEOPLES REPUBLIC OF CHINA;REPUBBLICA POPOLARE CINESE
ZONE_2;PEROU;PERU
ZONE_2;PÉROU;PERU
ZONE_2;PERU;PERU
ZONE_2;PERÙ;PERU
ZONE_2;PERU';PERU
ZONE_2;PHILIPPINES;FILIPPINE
ZONE_2;PORTO RICO;PORTO RICO
ZONE_2;PORTORICO;PORTO RICO
ZONE_2;PORTUGUESE TIMOR;TIMOR PORTOGHESE
ZONE_2;PRC;REPUBBLICA POPOLARE CINESE
ZONE_2;PRINCIPE;SAO TOME E PRINCIPE
ZONE_2;PROVINCE OF TAIWAN;TAIWAN
ZONE_2;PUERTO RICO;PORTO RICO
ZONE_2;QATAR;QATAR
ZONE_2;RÉP DÉM DU CONGO;REPUBBLICA DEMOCRATICA DEL CONGO
ZONE_2;REP DEMOCRATICA DEL CONGO;REPUBBLICA DEMOCRATICA DEL CONGO
ZONE_2;REP DEMOCRATICA POPOLARE DI COREA;REP. DEMOCRATICA POPOLARE DI COREA
ZONE_2;REP DOMINICANA;REPUBBLICA DOMINICANA
ZONE_2;REP. DEMOCRATICA DEL CONGO;REPUBBLICA DEMOCRATICA DEL CONGO
ZONE_2;REP. DEMOCRATICA POPOLARE DI COREA;REP. DEMOCRATICA POPOLARE DI COREA
ZONE_2;REPUBBLICA CENTRAFRICANA;REPUBBLICA CENTROAFRICANA
ZONE_2;REPUBBLICA CENTROAFRICANA;REPUBBLICA CENTROAFRICANA
ZONE_2;REPUBBLICA DEL CONGO;REPUBBLICA DEL CONGO
ZONE_2;REPUBBLICA DEMOCRATICA DEL CONGO;REPUBBLICA DEMOCRATICA DEL CONGO
ZONE_2;REPUBBLICA DI COREA;REPUBBLICA DI COREA
ZONE_2;REPUBBLICA DOMINICANA;REPUBBLICA DOMINICANA
ZONE_2;REPUBBLICA POPOLARE CINESE;REPUBBLICA POPOLARE CINESE
ZONE_2;REPUBBLICA SUDAFRICANA;SUDAFRICA
ZONE_2;REPUBBLICADOMINICANA;REPUBBLICA DOMINICANA
ZONE_2;REPUBLIC OF KOREA;REPUBBLICA DI COREA
ZONE_2;REPUBLICA GABONESA;GABON
ZONE_2;REPUBLICA POPULAR DE CHINA;REPUBBLICA POPOLARE CINESE
ZONE_2;REPUBLIQUE CENTRAFRICAINE;REPUBBLICA CENTROAFRICANA
ZONE_2;REPUBLIQUE DE COREE;REPUBBLICA DI COREA
ZONE_2;REPUBLIQUE DOMINICAINE;REPUBBLICA DOMINICANA
ZONE_2;REPUBLIQUE GABONAISE;GABON
ZONE_2;REPUBLIQUE POPULAIRE DEMOCRATIQUE DE CO;REP. DEMOCRATICA POPOLARE DI COREA
ZONE_2;REPUBLIQUE SUDAFRICAINE;SUDAFRICA
ZONE_2;REPUBLIQUE TOGOLAISE;TOGO
ZONE_2;REUNION;REUNION
ZONE_2;RÉUNION;REUNION
ZONE_2;RIUNIONE;REUNION
ZONE_2;RUANDA;RUANDA
ZONE_2;RWANDA;RUANDA
ZONE_2;S KITTIS AND NEVIS;SAINT KITTIS
ZONE_2;S KITTIS ET NEVIS;SAINT KITTIS
ZONE_2;S KITTIS NEVIS;SAINT KITTIS
ZONE_2;S KITTIS;SAINT KITTIS
ZONE_2;S PIERRE E MIQUELON;SAINT PIERRE E MIQUELON
ZONE_2;S PIERRE ET MIQUELON;SAINT PIERRE E MIQUELON
ZONE_2;S THOMAS AND PRINCE;SAO TOME E PRINCIPE
ZONE_2;S THOMAS ET PRINCE;SAO TOME E PRINCIPE
ZONE_2;S THOMAS ET PRINCIPE;SAO TOME E PRINCIPE
ZONE_2;S VINCENT AND GRENADINES;SAINT VINCENT E LE GRENADINE
ZONE_2;S VINCENZO GRENADINE;SAINT VINCENT E LE GRENADINE
ZONE_2;S. KITTIS AND NEVIS;SAINT KITTIS
ZONE_2;S. KITTIS ET NEVIS;SAINT KITTIS
ZONE_2;S. KITTIS(NEVIS);SAINT KITTIS
ZONE_2;S. PIERRE E MIQUELON;SAINT PIERRE E MIQUELON
ZONE_2;S. PIERRE ET MIQUELON;SAINT PIERRE E MIQUELON
ZONE_2;S. THOMAS AND PRINCE;SAO TOME E PRINCIPE
ZONE_2;S. THOMAS-ET-PRINCE;SAO TOME E PRINCIPE
ZONE_2;S. THOMAS-ET-PRINCIPE;SAO TOME E PRINCIPE
ZONE_2;S. VINCENT AND GRENADINES;SAINT VINCENT E LE GRENADINE
ZONE_2;S. VINCENZO (GRENADINE);SAINT VINCENT E LE GRENADINE
ZONE_2;S.KITTIS;SAINT KITTIS
ZONE_2;SABA;ANTILLE OLANDESI
ZONE_2;SAINT BARTHELEMY;SAINT BARTHELEMY
ZONE_2;SAINT CHRISTOPHE ET NIEVES;SAINT CHRISTOPHER E NEVIS
ZONE_2;SAINT CHRISTOPHER E NEVIS;SAINT CHRISTOPHER E NEVIS
ZONE_2;SAINT CROIX;ISOLE VERGINI AMERICANE
ZONE_2;SAINT EUSTATIUS;ANTILLE OLANDESI
ZONE_2;SAINT HELENA;SANT' ELENA
ZONE_2;SAINT HELENE;SANT' ELENA
ZONE_2;SAINT KITTIS AND NEVIS;SAINT KITTIS
ZONE_2;SAINT KITTIS E NEVIS;SAINT KITTIS
ZONE_2;SAINT KITTIS;SAINT KITTIS
ZONE_2;SAINT KITTS AND NEVIS;SAINT CHRISTOPHER E NEVIS
ZONE_2;SAINT LUCIA;SAINT LUCIA
ZONE_2;SAINT LUCIE;SAINT LUCIA
ZONE_2;SAINT MAARTEN;ANTILLE OLANDESI
ZONE_2;SAINT MARTIN;SAINT MARTIN
ZONE_2;SAINT PIERRE AND MIQUELON;SAINT PIERRE E MIQUELON
ZONE_2;SAINT PIERRE E MIQUELON;SAINT PIERRE E MIQUELON
ZONE_2;SAINT PIERRE;SAINT PIERRE E MIQUELON
ZONE_2;SAINT THOMAS;ISOLE VERGINI AMERICANE
ZONE_2;SAINT VINCENT AND THE GRENADINES;SAINT VINCENT E LE GRENADINE
ZONE_2;SAINT VINCENT E LE GRENADINE;SAINT VINCENT E LE GRENADINE
ZONE_2;SAINT VINCENT;SAINT VINCENT E LE GRENADINE
ZONE_2;SAINT VINCENTE GRENADINE;SAINT VINCENT E LE GRENADINE
ZONE_2;SAINT-BARTHELEMY;SAINT BARTHELEMY
ZONE_2;SAINT-BARTHÉLEMY;SAINT BARTHELEMY
ZONE_2;SAINT-MARTIN;SAINT MARTIN
ZONE_2;SAINT-PIERRE E MIQUELON;SAINT PIERRE E MIQUELON
ZONE_2;SAINTE HELENE;SANT' ELENA
ZONE_2;SAINTE HÉLÈNE;SANT' ELENA
ZONE_2;SAINTE LUCIE;SAINT LUCIA
ZONE_2;SAINTE VINCENTE ET GRENADINES;SAINT VINCENT E LE GRENADINE
ZONE_2;SAINTE-HELENE;SANT' ELENA
ZONE_2;SAINTE-HÉLÈNE;SANT' ELENA
ZONE_2;SAMOA NEOZELANDESI;SAMOA OCCIDENTALI
ZONE_2;SAMOA OCC;SAMOA OCCIDENTALI
ZONE_2;SAMOA OCC.;SAMOA OCCIDENTALI
ZONE_2;SAMOA OCCIDENTAL;SAMOA OCCIDENTALI
ZONE_2;SAMOA OCCIDENTALI;SAMOA OCCIDENTALI
ZONE_2;SAMOA;SAMOA OCCIDENTALI
ZONE_2;SAN CRISTOBAL Y NEVIS;SAINT CHRISTOPHER E NEVIS
ZONE_2;SAN PEDRO;SAINT PIERRE E MIQUELON
ZONE_2;SAN VINCENZO;SAINT VINCENT E LE GRENADINE
ZONE_2;SANDWICH;GEORGIA DEL SUD E SANDWICH DEL SUD
ZONE_2;SANT ELENA;SANT' ELENA
ZONE_2;SANT' ELENA;SANT' ELENA
ZONE_2;SANT'ELENA;SANT' ELENA
ZONE_2;SANTA ELENA;SANT' ELENA
ZONE_2;SANTA LUCIA;SAINT LUCIA
ZONE_2;SANTO TOME Y PRINCIPE;SAO TOME E PRINCIPE
ZONE_2;SAO TOME AND PRINCIPE;SAO TOME E PRINCIPE
ZONE_2;SAO TOME E PRINCIPE;SAO TOME E PRINCIPE
ZONE_2;SÃO TOMÉ E PRÍNCIPE;SAO TOME E PRINCIPE
ZONE_2;SAO TOME ET PRINCIPE;SAO TOME E PRINCIPE
ZONE_2;SAUDI ARABIA;ARABIA SAUDITA
ZONE_2;SENEGAL;SENEGAL
ZONE_2;SÉNÉGAL;SENEGAL
ZONE_2;SEYCHELLES;SEYCHELLES
ZONE_2;SIERRA LEON;SIERRA LEONE
ZONE_2;SIERRA LEONA;SIERRA LEONE
ZONE_2;SIERRA LEONE;SIERRA LEONE
ZONE_2;SINGAPORE;SINGAPORE
ZONE_2;SINGAPOUR;SINGAPORE
ZONE_2;SINGAPUR;SINGAPORE
ZONE_2;SOUDAN;SUDAN
ZONE_2;SOUTH AFRICA;SUDAFRICA
ZONE_2;SOUTH GEORGIA AND THE SOUTH SANDWICH ISLANDS;GEORGIA DEL SUD E SANDWICH DEL SUD
ZONE_2;SOUTH GEORGIA;GEORGIA DEL SUD E SANDWICH DEL SUD
ZONE_2;SOUTH SUDAN;SUD SUDAN
ZONE_2;SRI LANKA;SRI LANKA
ZONE_2;ST HELENA;SANT' ELENA
ZONE_2;ST. HELENA;SANT' ELENA
ZONE_2;ST. LUCIA;SAINT LUCIA
ZONE_2;STATI UNITI D' AMERICA;STATI UNITI D'AMERICA
ZONE_2;STATI UNITI D'AMERICA;STATI UNITI D'AMERICA
ZONE_2;STATI UNITI DAMERICA;STATI UNITI D'AMERICA
ZONE_2;SUD SUDAN;SUD SUDAN
ZONE_2;SUDAFRICA;SUDAFRICA
ZONE_2;SUDAFRICANA;SUDAFRICA
ZONE_2;SUDAN;SUDAN
ZONE_2;SURINAM;SURINAME
ZONE_2;SURINAME;SURINAME
ZONE_2;SWAZILAND;SWAZILAND
ZONE_2;SWAZILANDIA;SWAZILAND
ZONE_2;TADJIKISTAN;TADJIKISTAN
ZONE_2;TAGIKISTAN;TADJIKISTAN
ZONE_2;TAILANDIA;TAILANDIA
ZONE_2;TAIWAN (FORMOSA);TAIWAN
ZONE_2;TAIWAN FORMOSA;TAIWAN
ZONE_2;TAIWAN PROVINCE OF CHINA;TAIWAN
ZONE_2;TAIWAN, PROVINCE OF CHINA;TAIWAN
ZONE_2;TAIWAN;TAIWAN
ZONE_2;TAJIKISTAN;TADJIKISTAN
ZONE_2;TANZANIA UNITED REPUBLIC OF;TANZANIA
ZONE_2;TANZANIA, UNITED REPUBLIC OF;TANZANIA
ZONE_2;TANZANIA;TANZANIA
ZONE_2;TANZANIE;TANZANIA
ZONE_2;TCHAD;CIAD
ZONE_2;TERRIT BRIT DELL' OCEANO INDIANO;TERRIT. BRIT. DELL'OCEANO INDIANO
ZONE_2;TERRIT BRIT DELL'OCEANO INDIANO;TERRIT. BRIT. DELL'OCEANO INDIANO
ZONE_2;TERRIT BRIT DELLOCEANO INDIANO;TERRIT. BRIT. DELL'OCEANO INDIANO
ZONE_2;TERRIT. BRIT. DELL' OCEANO INDIANO;TERRIT. BRIT. DELL'OCEANO INDIANO
ZONE_2;TERRIT. BRIT. DELL'OCEANO INDIANO;TERRIT. BRIT. DELL'OCEANO INDIANO
ZONE_2;TERRITORIO BRITANNICO DELL'OCEANO INDIANO;TERRIT. BRIT. DELL'OCEANO INDIANO
ZONE_2;TERRITORIO BRITANNICO DELLOCEANO INDIAN;TERRIT. BRIT. DELL'OCEANO INDIANO
ZONE_2;THAILAND;TAILANDIA
ZONE_2;THAILANDE;TAILANDIA
ZONE_2;THAÏLANDE;TAILANDIA
ZONE_2;THAILANDIA;TAILANDIA
ZONE_2;THE GAMBIA;GAMBIA
ZONE_2;TIMOR EST;TIMOR PORTOGHESE
ZONE_2;TIMOR LESTE;TIMOR PORTOGHESE
ZONE_2;TIMOR ORIENTAL;TIMOR PORTOGHESE
ZONE_2;TIMOR ORIENTALE;TIMOR PORTOGHESE
ZONE_2;TIMOR PORTOGHESE;TIMOR PORTOGHESE
ZONE_2;TIMOR PORTUGUES;TIMOR PORTOGHESE
ZONE_2;TOBAGO;TRINIDAD E TOBAGO
ZONE_2;TOGO;TOGO
ZONE_2;TOGOLESA;TOGO
ZONE_2;TOGOLESE REPUBLIC;TOGO
ZONE_2;TRINIDAD AND TOBAGO;TRINIDAD E TOBAGO
ZONE_2;TRINIDAD E TOBAGO;TRINIDAD E TOBAGO
ZONE_2;TRINIDAD Y TOBAGO;TRINIDAD E TOBAGO
ZONE_2;TRINIDAD;TRINIDAD E TOBAGO
ZONE_2;TRINITE ET TOBAGO;TRINIDAD E TOBAGO
ZONE_2;TRINITÉ ET TOBAGO;TRINIDAD E TOBAGO
ZONE_2;TRISTAN DA CUNHA;TRISTAN DA CUNHA
ZONE_2;TURKMENISTAN;TURKMENISTAN
ZONE_2;TURKMÉNISTAN;TURKMENISTAN
ZONE_2;TURKS AND CAICOS ISLANDS;ISOLE TURKS E CAICOS
ZONE_2;TURKS E CAICOS;ISOLE TURKS E CAICOS
ZONE_2;TURKS ET CAIQUES;ISOLE TURKS E CAICOS
ZONE_2;TURKS;ISOLE TURKS E CAICOS
ZONE_2;TURQUES E CAIQUES;ISOLE TURKS E CAICOS
ZONE_2;U S A;STATI UNITI D'AMERICA
ZONE_2;U.S.A.;STATI UNITI D'AMERICA
ZONE_2;UGANDA;UGANDA
ZONE_2;UNITED ARAB EMIRATES;EMIRATI ARABI UNITI
ZONE_2;UNITED STATES OF AMERICA;STATI UNITI D'AMERICA
ZONE_2;UNITED STATES VIRGIN ISLANDS;ISOLE VERGINI AMERICANE
ZONE_2;UNITED STATES;STATI UNITI D'AMERICA
ZONE_2;URUGUAY;URUGUAY
ZONE_2;USA;STATI UNITI D'AMERICA
ZONE_2;UZBEKISTAN;UZBEKISTAN
ZONE_2;VENEZUELA;VENEZUELA
ZONE_2;VERGINI BRITANNICHE;ISOLE VERGINI BRITANNICHE
ZONE_2;VERGINI U S A;ISOLE VERGINI AMERICANE
ZONE_2;VERGINI U.S.A.;ISOLE VERGINI AMERICANE
ZONE_2;VIET NAM;VIET NAM
ZONE_2;VIETNAM;VIET NAM
ZONE_2;VIRGIN ISLANDS BRITISH;ISOLE VERGINI BRITANNICHE
ZONE_2;VIRGIN ISLANDS U S A;ISOLE VERGINI AMERICANE
ZONE_2;VIRGIN ISLANDS U.S.;ISOLE VERGINI AMERICANE
ZONE_2;VIRGIN ISLANDS U.S.A;ISOLE VERGINI AMERICANE
ZONE_2;VIRGIN ISLANDS, BRITISH;ISOLE VERGINI BRITANNICHE
ZONE_2;VIRGIN ISLANDS, U.S.;ISOLE VERGINI AMERICANE
ZONE_2;WESTERN SAMOA;SAMOA OCCIDENTALI
ZONE_2;ZAIRE;REPUBBLICA DEMOCRATICA DEL CONGO
ZONE_2;ZAMBIA;ZAMBIA
ZONE_2;ZAMBIE;ZAMBIA
ZONE_2;ZIMBABWE;ZIMBABWE
ZONE_2;ZIMBAWE;ZIMBABWE
ZONE_3;AMERICAN SAMOA;SAMOA AMERICANE
ZONE_3;AUSTRALIA;AUSTRALIA
ZONE_3;AUSTRALIE;AUSTRALIA
ZONE_3;CALEDONIA;NUOVA CALEDONIA
ZONE_3;CLIPPERTON;POLINESIA FRANCESE
ZONE_3;COMMONWEALTH OF AUSTRALIA;AUSTRALIA
ZONE_3;COOK ISLANDS;ISOLE COOK
ZONE_3;COOK;ISOLE COOK
ZONE_3;CROZET;TERRE AUSTRALI E ANTART. FRANCESI
ZONE_3;DUCIE;PITCAIRN
ZONE_3;FIDJI;ISOLE FIGI
ZONE_3;FIGI;ISOLE FIGI
ZONE_3;FIJI ISLAND;ISOLE FIGI
ZONE_3;FIJI ISLANDS;ISOLE FIGI
ZONE_3;FIJI;ISOLE FIGI
ZONE_3;FRENCH POLYNESIA;POLINESIA FRANCESE
ZONE_3;FRENCH SOUTHERN TERRITORIES;TERRE AUSTRALI E ANTART. FRANCESI
ZONE_3;FUTUNA;WALLIS E FUTUNA
ZONE_3;GUAM;GUAM
ZONE_3;HENDERSON;PITCAIRN
ZONE_3;ISLA FIJI;ISOLE FIGI
ZONE_3;ISLAS MARIANAS;ISOLE MARIANNES
ZONE_3;ISOLA DI WAKE;WAKE
ZONE_3;ISOLE COOK;ISOLE COOK
ZONE_3;ISOLE FIGI;ISOLE FIGI
ZONE_3;ISOLE MARIANNE SETTENTRIONALI;ISOLE MARIANNES
ZONE_3;ISOLE MARIANNES;ISOLE MARIANNES
ZONE_3;ISOLE MARSHALL;ISOLE MARSHALL
ZONE_3;ISOLE PITCAIRN;PITCAIRN
ZONE_3;ISOLE SALOMONE;ISOLE SALOMONE
ZONE_3;ISOLE TOKELAU;ISOLE TOKELAU
ZONE_3;KIRIBATI;KIRIBATI
ZONE_3;MARIANA ISLANDS;ISOLE MARIANNES
ZONE_3;MARIANNE;ISOLE MARIANNES
ZONE_3;MARIANNES;ISOLE MARIANNES
ZONE_3;MARSHALL ISLANDS;ISOLE MARSHALL
ZONE_3;MARSHALL;ISOLE MARSHALL
ZONE_3;MICRONESIA FEDERATED STATES OF;MICRONESIA
ZONE_3;MICRONESIA, FEDERATED STATES OF;MICRONESIA
ZONE_3;MICRONESIA;MICRONESIA
ZONE_3;MICRONESIE;MICRONESIA
ZONE_3;NAURU;NAURU
ZONE_3;NEW CALEDONIA;NUOVA CALEDONIA
ZONE_3;NEW GUINEA;PAPUASIA NUOVA GUINEA
ZONE_3;NEW ZEALAND;NUOVA ZELANDA
ZONE_3;NIUE;NIUE
ZONE_3;NORFOLK ISLAND;NORFOLK
ZONE_3;NORFOLK;NORFOLK
ZONE_3;NORTHERN MARIANA ISLANDS;ISOLE MARIANNES
ZONE_3;NOUVELLE CALEDONIE;NUOVA CALEDONIA
ZONE_3;NOUVELLE CALÉDONIE;NUOVA CALEDONIA
ZONE_3;NOUVELLE ZELANDE;NUOVA ZELANDA
ZONE_3;NOUVELLE ZÉLANDE;NUOVA ZELANDA
ZONE_3;NUEVA CALEDONIA;NUOVA CALEDONIA
ZONE_3;NUEVA ZELANDA;NUOVA ZELANDA
ZONE_3;NUOVA CALEDONIA;NUOVA CALEDONIA
ZONE_3;NUOVA GUINEA PAPUA;PAPUASIA NUOVA GUINEA
ZONE_3;NUOVA GUINEA-PAPUA;PAPUASIA NUOVA GUINEA
ZONE_3;NUOVA ZELANDA;NUOVA ZELANDA
ZONE_3;OENO;PITCAIRN
ZONE_3;PALAOS;PALAOS
ZONE_3;PALAU;PALAOS
ZONE_3;PAPOUASIE - NOUVELLE GUINEE;PAPUASIA NUOVA GUINEA
ZONE_3;PAPOUASIE - NOUVELLE GUINÉE;PAPUASIA NUOVA GUINEA
ZONE_3;PAPOUASIE NOUVELLE GUINEE;PAPUASIA NUOVA GUINEA
ZONE_3;PAPOUASIE NOUVELLE GUINÉE;PAPUASIA NUOVA GUINEA
ZONE_3;PAPUA NEW GUINEA;PAPUASIA NUOVA GUINEA
ZONE_3;PAPUA NUEVA GUINEA;PAPUASIA NUOVA GUINEA
ZONE_3;PAPUA NUOVA GUINEA;PAPUASIA NUOVA GUINEA
ZONE_3;PAPUASIA NUOVA GUINEA;PAPUASIA NUOVA GUINEA
ZONE_3;PITCAIRN ISLANDS;PITCAIRN
ZONE_3;PITCAIRN;PITCAIRN
ZONE_3;POLINESIA FRANCESA;POLINESIA FRANCESE
ZONE_3;POLINESIA FRANCESE;POLINESIA FRANCESE
ZONE_3;POLINESIA;POLINESIA FRANCESE
ZONE_3;POLYNESIE FRANCAISE;POLINESIA FRANCESE
ZONE_3;POLYNÉSIE FRANÇAISE;POLINESIA FRANCESE
ZONE_3;REPUBLIC OF PALAU;PALAOS
ZONE_3;SAIPAN;ISOLE MARIANNES
ZONE_3;SALOMON;ISOLE SALOMONE
ZONE_3;SALOMONE;ISOLE SALOMONE
ZONE_3;SAMOA AMERICAIN;SAMOA AMERICANE
ZONE_3;SAMOA AMERICAINES;SAMOA AMERICANE
ZONE_3;SAMOA AMERICAINÉS;SAMOA AMERICANE
ZONE_3;SAMOA AMERICANE;SAMOA AMERICANE
ZONE_3;SAMOA NORTEAMERICANO;SAMOA AMERICANE
ZONE_3;SAMOA U S A;SAMOA AMERICANE
ZONE_3;SAMOA U.S.A.;SAMOA AMERICANE
ZONE_3;SAMON ISLAND;SAMOA AMERICANE
ZONE_3;SOLOMON ISLANDS;ISOLE SALOMONE
ZONE_3;SOLOMON;ISOLE SALOMONE
ZONE_3;TERRE ADELIE;TERRE AUSTRALI E ANTART. FRANCESI
ZONE_3;TERRE AUSTRALI E ANTART FRANCESI;TERRE AUSTRALI E ANTART. FRANCESI
ZONE_3;TERRE AUSTRALI E ANTART. FRANCESI;TERRE AUSTRALI E ANTART. FRANCESI
ZONE_3;TERRE AUSTRALI E ANTARTICHE FRANCESI;TERRE AUSTRALI E ANTART. FRANCESI
ZONE_3;TINIAN;ISOLE MARIANNES
ZONE_3;TOKELAU ISLANDS;ISOLE TOKELAU
ZONE_3;TOKELAU;ISOLE TOKELAU
ZONE_3;TONGA;TONGA
ZONE_3;TUVALU;TUVALU
ZONE_3;VANUATU;VANUATU
ZONE_3;WAKE ISLAND;WAKE
ZONE_3;WAKE;WAKE
ZONE_3;WALLIS AND FUTUNA ISLANDS;WALLIS E FUTUNA
ZONE_3;WALLIS AND FUTUNA;WALLIS E FUTUNA
ZONE_3;WALLIS E FUTUNA;WALLIS E FUTUNA
ZONE_3;WALLIS;WALLIS E FUTUNA
ZONE_2;SUD AFRICA;SUDAFRICA
